,train,val,test
TEST-SLIDE_1801,True,False,False
TEST-SLIDE_1802,True,False,False
TEST-SLIDE_1803,True,False,False
TEST-SLIDE_1804,True,False,False
TEST-SLIDE_1810,True,False,False
TEST-SLIDE_1811,True,False,False
TEST-SLIDE_1814,True,False,False
TEST-SLIDE_1815,True,False,False
TEST-SLIDE_1816,True,False,False
TEST-SLIDE_1817,True,False,False
TEST-SLIDE_1818,True,False,False
TEST-SLIDE_1820,True,False,False
TEST-SLIDE_1821,True,False,False
TEST-SLIDE_1822,True,False,False
TEST-SLIDE_1823,True,False,False
TEST-SLIDE_1824,True,False,False
TEST-SLIDE_1825,True,False,False
TEST-SLIDE_1826,True,False,False
TEST-SLIDE_1827,True,False,False
TEST-SLIDE_1828,True,False,False
TEST-SLIDE_1830,True,False,False
TEST-SLIDE_1831,True,False,False
TEST-SLIDE_1833,True,False,False
TEST-SLIDE_1835,True,False,False
TEST-SLIDE_1836,True,False,False
TEST-SLIDE_1838,True,False,False
TEST-SLIDE_1840,True,False,False
TEST-SLIDE_1842,True,False,False
TEST-SLIDE_1843,True,False,False
TEST-SLIDE_1844,True,False,False
TEST-SLIDE_1846,True,False,False
TEST-SLIDE_1847,True,False,False
TEST-SLIDE_1848,True,False,False
TEST-SLIDE_1850,True,False,False
TEST-SLIDE_1851,True,False,False
TEST-SLIDE_1853,True,False,False
TEST-SLIDE_1854,True,False,False
TEST-SLIDE_1855,True,False,False
TEST-SLIDE_1858,True,False,False
TEST-SLIDE_1860,True,False,False
TEST-SLIDE_1861,True,False,False
TEST-SLIDE_1862,True,False,False
TEST-SLIDE_1863,True,False,False
TEST-SLIDE_1864,True,False,False
TEST-SLIDE_1866,True,False,False
TEST-SLIDE_1867,True,False,False
TEST-SLIDE_1868,True,False,False
TEST-SLIDE_1869,True,False,False
TEST-SLIDE_1871,True,False,False
TEST-SLIDE_1872,True,False,False
TEST-SLIDE_1874,True,False,False
TEST-SLIDE_1875,True,False,False
TEST-SLIDE_1876,True,False,False
TEST-SLIDE_1877,True,False,False
TEST-SLIDE_1878,True,False,False
TEST-SLIDE_1879,True,False,False
TEST-SLIDE_1880,True,False,False
TEST-SLIDE_1881,True,False,False
TEST-SLIDE_1882,True,False,False
TEST-SLIDE_1884,True,False,False
TEST-SLIDE_1885,True,False,False
TEST-SLIDE_1886,True,False,False
TEST-SLIDE_1887,True,False,False
TEST-SLIDE_1888,True,False,False
TEST-SLIDE_1889,True,False,False
TEST-SLIDE_1890,True,False,False
TEST-SLIDE_1891,True,False,False
TEST-SLIDE_1892,True,False,False
TEST-SLIDE_1893,True,False,False
TEST-SLIDE_1895,True,False,False
TEST-SLIDE_1897,True,False,False
TEST-SLIDE_1898,True,False,False
TEST-SLIDE_1899,True,False,False
TEST-SLIDE_1900,True,False,False
TEST-SLIDE_1901,True,False,False
TEST-SLIDE_1902,True,False,False
TEST-SLIDE_1903,True,False,False
TEST-SLIDE_1904,True,False,False
TEST-SLIDE_1907,True,False,False
TEST-SLIDE_1908,True,False,False
TEST-SLIDE_1909,True,False,False
TEST-SLIDE_1911,True,False,False
TEST-SLIDE_1912,True,False,False
TEST-SLIDE_1913,True,False,False
TEST-SLIDE_1915,True,False,False
TEST-SLIDE_1916,True,False,False
TEST-SLIDE_1918,True,False,False
TEST-SLIDE_1919,True,False,False
TEST-SLIDE_1920,True,False,False
TEST-SLIDE_1921,True,False,False
TEST-SLIDE_1922,True,False,False
TEST-SLIDE_1923,True,False,False
TEST-SLIDE_1924,True,False,False
TEST-SLIDE_1925,True,False,False
TEST-SLIDE_1926,True,False,False
TEST-SLIDE_1927,True,False,False
TEST-SLIDE_1930,True,False,False
TEST-SLIDE_1931,True,False,False
TEST-SLIDE_1935,True,False,False
TEST-SLIDE_1936,True,False,False
TEST-SLIDE_1937,True,False,False
TEST-SLIDE_1938,True,False,False
TEST-SLIDE_1939,True,False,False
TEST-SLIDE_1942,True,False,False
TEST-SLIDE_1943,True,False,False
TEST-SLIDE_1945,True,False,False
TEST-SLIDE_1947,True,False,False
TEST-SLIDE_1948,True,False,False
TEST-SLIDE_1949,True,False,False
TEST-SLIDE_1950,True,False,False
TEST-SLIDE_1953,True,False,False
TEST-SLIDE_1954,True,False,False
TEST-SLIDE_1955,True,False,False
TEST-SLIDE_1956,True,False,False
TEST-SLIDE_1958,True,False,False
TEST-SLIDE_1961,True,False,False
TEST-SLIDE_1962,True,False,False
TEST-SLIDE_1963,True,False,False
TEST-SLIDE_1964,True,False,False
TEST-SLIDE_1965,True,False,False
TEST-SLIDE_1966,True,False,False
TEST-SLIDE_1967,True,False,False
TEST-SLIDE_1968,True,False,False
TEST-SLIDE_1969,True,False,False
TEST-SLIDE_1970,True,False,False
TEST-SLIDE_1971,True,False,False
TEST-SLIDE_1972,True,False,False
TEST-SLIDE_1975,True,False,False
TEST-SLIDE_1977,True,False,False
TEST-SLIDE_1978,True,False,False
TEST-SLIDE_1979,True,False,False
TEST-SLIDE_1980,True,False,False
TEST-SLIDE_1984,True,False,False
TEST-SLIDE_1985,True,False,False
TEST-SLIDE_1987,True,False,False
TEST-SLIDE_1988,True,False,False
TEST-SLIDE_1989,True,False,False
TEST-SLIDE_1990,True,False,False
TEST-SLIDE_1992,True,False,False
TEST-SLIDE_1993,True,False,False
TEST-SLIDE_1994,True,False,False
TEST-SLIDE_1995,True,False,False
TEST-SLIDE_1996,True,False,False
TEST-SLIDE_1999,True,False,False
TEST-SLIDE_2000,True,False,False
TEST-SLIDE_2001,True,False,False
TEST-SLIDE_2003,True,False,False
TEST-SLIDE_758,True,False,False
TEST-SLIDE_759,True,False,False
TEST-SLIDE_761,True,False,False
TEST-SLIDE_762,True,False,False
TEST-SLIDE_763,True,False,False
TEST-SLIDE_765,True,False,False
TEST-SLIDE_768,True,False,False
TEST-SLIDE_769,True,False,False
TEST-SLIDE_772,True,False,False
TEST-SLIDE_773,True,False,False
TEST-SLIDE_774,True,False,False
TEST-SLIDE_775,True,False,False
TEST-SLIDE_776,True,False,False
TEST-SLIDE_779,True,False,False
TEST-SLIDE_782,True,False,False
TEST-SLIDE_783,True,False,False
TEST-SLIDE_785,True,False,False
TEST-SLIDE_786,True,False,False
TEST-SLIDE_787,True,False,False
TEST-SLIDE_788,True,False,False
TEST-SLIDE_789,True,False,False
TEST-SLIDE_790,True,False,False
TEST-SLIDE_791,True,False,False
TEST-SLIDE_792,True,False,False
TEST-SLIDE_794,True,False,False
TEST-SLIDE_795,True,False,False
TEST-SLIDE_796,True,False,False
TEST-SLIDE_798,True,False,False
TEST-SLIDE_799,True,False,False
TEST-SLIDE_800,True,False,False
TEST-SLIDE_801,True,False,False
TEST-SLIDE_802,True,False,False
TEST-SLIDE_803,True,False,False
TEST-SLIDE_804,True,False,False
TEST-SLIDE_807,True,False,False
TEST-SLIDE_808,True,False,False
TEST-SLIDE_809,True,False,False
TEST-SLIDE_810,True,False,False
TEST-SLIDE_814,True,False,False
TEST-SLIDE_815,True,False,False
TEST-SLIDE_816,True,False,False
TEST-SLIDE_819,True,False,False
TEST-SLIDE_820,True,False,False
TEST-SLIDE_822,True,False,False
TEST-SLIDE_824,True,False,False
TEST-SLIDE_825,True,False,False
TEST-SLIDE_826,True,False,False
TEST-SLIDE_827,True,False,False
TEST-SLIDE_828,True,False,False
TEST-SLIDE_829,True,False,False
TEST-SLIDE_831,True,False,False
TEST-SLIDE_833,True,False,False
TEST-SLIDE_834,True,False,False
TEST-SLIDE_835,True,False,False
TEST-SLIDE_836,True,False,False
TEST-SLIDE_837,True,False,False
TEST-SLIDE_838,True,False,False
TEST-SLIDE_839,True,False,False
TEST-SLIDE_840,True,False,False
TEST-SLIDE_841,True,False,False
TEST-SLIDE_843,True,False,False
TEST-SLIDE_845,True,False,False
TEST-SLIDE_846,True,False,False
TEST-SLIDE_848,True,False,False
TEST-SLIDE_851,True,False,False
TEST-SLIDE_852,True,False,False
TEST-SLIDE_853,True,False,False
TEST-SLIDE_854,True,False,False
TEST-SLIDE_855,True,False,False
TEST-SLIDE_856,True,False,False
TEST-SLIDE_857,True,False,False
TEST-SLIDE_858,True,False,False
TEST-SLIDE_861,True,False,False
TEST-SLIDE_863,True,False,False
TEST-SLIDE_864,True,False,False
TEST-SLIDE_865,True,False,False
TEST-SLIDE_866,True,False,False
TEST-SLIDE_868,True,False,False
TEST-SLIDE_869,True,False,False
TEST-SLIDE_873,True,False,False
TEST-SLIDE_874,True,False,False
TEST-SLIDE_875,True,False,False
TEST-SLIDE_878,True,False,False
TEST-SLIDE_879,True,False,False
TEST-SLIDE_880,True,False,False
TEST-SLIDE_881,True,False,False
TEST-SLIDE_882,True,False,False
TEST-SLIDE_883,True,False,False
TEST-SLIDE_884,True,False,False
TEST-SLIDE_885,True,False,False
TEST-SLIDE_886,True,False,False
TEST-SLIDE_887,True,False,False
TEST-SLIDE_888,True,False,False
TEST-SLIDE_890,True,False,False
TEST-SLIDE_893,True,False,False
TEST-SLIDE_895,True,False,False
TEST-SLIDE_896,True,False,False
TEST-SLIDE_897,True,False,False
TEST-SLIDE_898,True,False,False
TEST-SLIDE_899,True,False,False
TEST-SLIDE_900,True,False,False
TEST-SLIDE_901,True,False,False
TEST-SLIDE_902,True,False,False
TEST-SLIDE_903,True,False,False
TEST-SLIDE_904,True,False,False
TEST-SLIDE_905,True,False,False
TEST-SLIDE_906,True,False,False
TEST-SLIDE_907,True,False,False
TEST-SLIDE_909,True,False,False
TEST-SLIDE_910,True,False,False
TEST-SLIDE_911,True,False,False
TEST-SLIDE_912,True,False,False
TEST-SLIDE_913,True,False,False
TEST-SLIDE_914,True,False,False
TEST-SLIDE_915,True,False,False
TEST-SLIDE_916,True,False,False
TEST-SLIDE_917,True,False,False
TEST-SLIDE_918,True,False,False
TEST-SLIDE_922,True,False,False
TEST-SLIDE_923,True,False,False
TEST-SLIDE_924,True,False,False
TEST-SLIDE_925,True,False,False
TEST-SLIDE_926,True,False,False
TEST-SLIDE_927,True,False,False
TEST-SLIDE_928,True,False,False
TEST-SLIDE_929,True,False,False
TEST-SLIDE_930,True,False,False
TEST-SLIDE_931,True,False,False
TEST-SLIDE_932,True,False,False
TEST-SLIDE_933,True,False,False
TEST-SLIDE_934,True,False,False
TEST-SLIDE_935,True,False,False
TEST-SLIDE_937,True,False,False
TEST-SLIDE_938,True,False,False
TEST-SLIDE_939,True,False,False
TEST-SLIDE_941,True,False,False
TEST-SLIDE_942,True,False,False
TEST-SLIDE_944,True,False,False
TEST-SLIDE_946,True,False,False
TEST-SLIDE_947,True,False,False
TEST-SLIDE_950,True,False,False
TEST-SLIDE_951,True,False,False
TEST-SLIDE_953,True,False,False
TEST-SLIDE_954,True,False,False
TEST-SLIDE_955,True,False,False
TEST-SLIDE_956,True,False,False
TEST-SLIDE_958,True,False,False
TEST-SLIDE_959,True,False,False
TEST-SLIDE_961,True,False,False
TEST-SLIDE_962,True,False,False
TEST-SLIDE_963,True,False,False
TEST-SLIDE_966,True,False,False
TEST-SLIDE_969,True,False,False
TEST-SLIDE_970,True,False,False
TEST-SLIDE_972,True,False,False
TEST-SLIDE_973,True,False,False
TEST-SLIDE_974,True,False,False
TEST-SLIDE_976,True,False,False
TEST-SLIDE_977,True,False,False
TEST-SLIDE_979,True,False,False
TEST-SLIDE_980,True,False,False
TEST-SLIDE_981,True,False,False
TEST-SLIDE_982,True,False,False
TEST-SLIDE_232,True,False,False
TEST-SLIDE_233,True,False,False
TEST-SLIDE_234,True,False,False
TEST-SLIDE_235,True,False,False
TEST-SLIDE_236,True,False,False
TEST-SLIDE_237,True,False,False
TEST-SLIDE_238,True,False,False
TEST-SLIDE_239,True,False,False
TEST-SLIDE_240,True,False,False
TEST-SLIDE_241,True,False,False
TEST-SLIDE_242,True,False,False
TEST-SLIDE_243,True,False,False
TEST-SLIDE_245,True,False,False
TEST-SLIDE_249,True,False,False
TEST-SLIDE_251,True,False,False
TEST-SLIDE_252,True,False,False
TEST-SLIDE_253,True,False,False
TEST-SLIDE_254,True,False,False
TEST-SLIDE_255,True,False,False
TEST-SLIDE_256,True,False,False
TEST-SLIDE_257,True,False,False
TEST-SLIDE_261,True,False,False
TEST-SLIDE_262,True,False,False
TEST-SLIDE_263,True,False,False
TEST-SLIDE_264,True,False,False
TEST-SLIDE_265,True,False,False
TEST-SLIDE_267,True,False,False
TEST-SLIDE_270,True,False,False
TEST-SLIDE_272,True,False,False
TEST-SLIDE_273,True,False,False
TEST-SLIDE_274,True,False,False
TEST-SLIDE_275,True,False,False
TEST-SLIDE_276,True,False,False
TEST-SLIDE_278,True,False,False
TEST-SLIDE_279,True,False,False
TEST-SLIDE_281,True,False,False
TEST-SLIDE_282,True,False,False
TEST-SLIDE_284,True,False,False
TEST-SLIDE_285,True,False,False
TEST-SLIDE_286,True,False,False
TEST-SLIDE_287,True,False,False
TEST-SLIDE_288,True,False,False
TEST-SLIDE_290,True,False,False
TEST-SLIDE_291,True,False,False
TEST-SLIDE_292,True,False,False
TEST-SLIDE_294,True,False,False
TEST-SLIDE_295,True,False,False
TEST-SLIDE_296,True,False,False
TEST-SLIDE_299,True,False,False
TEST-SLIDE_300,True,False,False
TEST-SLIDE_301,True,False,False
TEST-SLIDE_302,True,False,False
TEST-SLIDE_303,True,False,False
TEST-SLIDE_304,True,False,False
TEST-SLIDE_305,True,False,False
TEST-SLIDE_306,True,False,False
TEST-SLIDE_307,True,False,False
TEST-SLIDE_308,True,False,False
TEST-SLIDE_311,True,False,False
TEST-SLIDE_312,True,False,False
TEST-SLIDE_315,True,False,False
TEST-SLIDE_2006,True,False,False
TEST-SLIDE_2008,True,False,False
TEST-SLIDE_2009,True,False,False
TEST-SLIDE_2010,True,False,False
TEST-SLIDE_2012,True,False,False
TEST-SLIDE_2013,True,False,False
TEST-SLIDE_2014,True,False,False
TEST-SLIDE_2015,True,False,False
TEST-SLIDE_2016,True,False,False
TEST-SLIDE_2017,True,False,False
TEST-SLIDE_2018,True,False,False
TEST-SLIDE_2021,True,False,False
TEST-SLIDE_2023,True,False,False
TEST-SLIDE_2024,True,False,False
TEST-SLIDE_2026,True,False,False
TEST-SLIDE_2027,True,False,False
TEST-SLIDE_2029,True,False,False
TEST-SLIDE_2030,True,False,False
TEST-SLIDE_2031,True,False,False
TEST-SLIDE_2032,True,False,False
TEST-SLIDE_2034,True,False,False
TEST-SLIDE_2037,True,False,False
TEST-SLIDE_2038,True,False,False
TEST-SLIDE_2039,True,False,False
TEST-SLIDE_2041,True,False,False
TEST-SLIDE_1341,True,False,False
TEST-SLIDE_1343,True,False,False
TEST-SLIDE_1344,True,False,False
TEST-SLIDE_1345,True,False,False
TEST-SLIDE_1346,True,False,False
TEST-SLIDE_1347,True,False,False
TEST-SLIDE_1348,True,False,False
TEST-SLIDE_1351,True,False,False
TEST-SLIDE_1352,True,False,False
TEST-SLIDE_1353,True,False,False
TEST-SLIDE_1354,True,False,False
TEST-SLIDE_1355,True,False,False
TEST-SLIDE_1356,True,False,False
TEST-SLIDE_1359,True,False,False
TEST-SLIDE_1360,True,False,False
TEST-SLIDE_629,True,False,False
TEST-SLIDE_630,True,False,False
TEST-SLIDE_631,True,False,False
TEST-SLIDE_632,True,False,False
TEST-SLIDE_633,True,False,False
TEST-SLIDE_635,True,False,False
TEST-SLIDE_638,True,False,False
TEST-SLIDE_639,True,False,False
TEST-SLIDE_640,True,False,False
TEST-SLIDE_641,True,False,False
TEST-SLIDE_642,True,False,False
TEST-SLIDE_643,True,False,False
TEST-SLIDE_644,True,False,False
TEST-SLIDE_645,True,False,False
TEST-SLIDE_646,True,False,False
TEST-SLIDE_647,True,False,False
TEST-SLIDE_648,True,False,False
TEST-SLIDE_649,True,False,False
TEST-SLIDE_651,True,False,False
TEST-SLIDE_652,True,False,False
TEST-SLIDE_653,True,False,False
TEST-SLIDE_654,True,False,False
TEST-SLIDE_656,True,False,False
TEST-SLIDE_657,True,False,False
TEST-SLIDE_658,True,False,False
TEST-SLIDE_659,True,False,False
TEST-SLIDE_661,True,False,False
TEST-SLIDE_662,True,False,False
TEST-SLIDE_663,True,False,False
TEST-SLIDE_664,True,False,False
TEST-SLIDE_665,True,False,False
TEST-SLIDE_668,True,False,False
TEST-SLIDE_669,True,False,False
TEST-SLIDE_184,True,False,False
TEST-SLIDE_185,True,False,False
TEST-SLIDE_186,True,False,False
TEST-SLIDE_187,True,False,False
TEST-SLIDE_188,True,False,False
TEST-SLIDE_189,True,False,False
TEST-SLIDE_190,True,False,False
TEST-SLIDE_191,True,False,False
TEST-SLIDE_192,True,False,False
TEST-SLIDE_193,True,False,False
TEST-SLIDE_194,True,False,False
TEST-SLIDE_195,True,False,False
TEST-SLIDE_196,True,False,False
TEST-SLIDE_197,True,False,False
TEST-SLIDE_198,True,False,False
TEST-SLIDE_199,True,False,False
TEST-SLIDE_200,True,False,False
TEST-SLIDE_201,True,False,False
TEST-SLIDE_204,True,False,False
TEST-SLIDE_205,True,False,False
TEST-SLIDE_206,True,False,False
TEST-SLIDE_207,True,False,False
TEST-SLIDE_208,True,False,False
TEST-SLIDE_209,True,False,False
TEST-SLIDE_210,True,False,False
TEST-SLIDE_211,True,False,False
TEST-SLIDE_212,True,False,False
TEST-SLIDE_213,True,False,False
TEST-SLIDE_214,True,False,False
TEST-SLIDE_215,True,False,False
TEST-SLIDE_216,True,False,False
TEST-SLIDE_218,True,False,False
TEST-SLIDE_219,True,False,False
TEST-SLIDE_220,True,False,False
TEST-SLIDE_221,True,False,False
TEST-SLIDE_222,True,False,False
TEST-SLIDE_223,True,False,False
TEST-SLIDE_224,True,False,False
TEST-SLIDE_225,True,False,False
TEST-SLIDE_226,True,False,False
TEST-SLIDE_227,True,False,False
TEST-SLIDE_228,True,False,False
TEST-SLIDE_229,True,False,False
TEST-SLIDE_230,True,False,False
TEST-SLIDE_671,True,False,False
TEST-SLIDE_673,True,False,False
TEST-SLIDE_675,True,False,False
TEST-SLIDE_676,True,False,False
TEST-SLIDE_677,True,False,False
TEST-SLIDE_678,True,False,False
TEST-SLIDE_679,True,False,False
TEST-SLIDE_680,True,False,False
TEST-SLIDE_681,True,False,False
TEST-SLIDE_682,True,False,False
TEST-SLIDE_683,True,False,False
TEST-SLIDE_684,True,False,False
TEST-SLIDE_685,True,False,False
TEST-SLIDE_687,True,False,False
TEST-SLIDE_688,True,False,False
TEST-SLIDE_689,True,False,False
TEST-SLIDE_690,True,False,False
TEST-SLIDE_691,True,False,False
TEST-SLIDE_692,True,False,False
TEST-SLIDE_697,True,False,False
TEST-SLIDE_700,True,False,False
TEST-SLIDE_701,True,False,False
TEST-SLIDE_702,True,False,False
TEST-SLIDE_703,True,False,False
TEST-SLIDE_704,True,False,False
TEST-SLIDE_705,True,False,False
TEST-SLIDE_706,True,False,False
TEST-SLIDE_708,True,False,False
TEST-SLIDE_709,True,False,False
TEST-SLIDE_710,True,False,False
TEST-SLIDE_711,True,False,False
TEST-SLIDE_713,True,False,False
TEST-SLIDE_715,True,False,False
TEST-SLIDE_716,True,False,False
TEST-SLIDE_718,True,False,False
TEST-SLIDE_719,True,False,False
TEST-SLIDE_720,True,False,False
TEST-SLIDE_721,True,False,False
TEST-SLIDE_722,True,False,False
TEST-SLIDE_725,True,False,False
TEST-SLIDE_726,True,False,False
TEST-SLIDE_729,True,False,False
TEST-SLIDE_730,True,False,False
TEST-SLIDE_731,True,False,False
TEST-SLIDE_733,True,False,False
TEST-SLIDE_735,True,False,False
TEST-SLIDE_736,True,False,False
TEST-SLIDE_737,True,False,False
TEST-SLIDE_739,True,False,False
TEST-SLIDE_740,True,False,False
TEST-SLIDE_742,True,False,False
TEST-SLIDE_744,True,False,False
TEST-SLIDE_745,True,False,False
TEST-SLIDE_746,True,False,False
TEST-SLIDE_747,True,False,False
TEST-SLIDE_748,True,False,False
TEST-SLIDE_750,True,False,False
TEST-SLIDE_751,True,False,False
TEST-SLIDE_752,True,False,False
TEST-SLIDE_753,True,False,False
TEST-SLIDE_754,True,False,False
TEST-SLIDE_755,True,False,False
TEST-SLIDE_757,True,False,False
TEST-SLIDE_1598,True,False,False
TEST-SLIDE_1599,True,False,False
TEST-SLIDE_1601,True,False,False
TEST-SLIDE_1603,True,False,False
TEST-SLIDE_1605,True,False,False
TEST-SLIDE_1607,True,False,False
TEST-SLIDE_1608,True,False,False
TEST-SLIDE_1610,True,False,False
TEST-SLIDE_1612,True,False,False
TEST-SLIDE_1615,True,False,False
TEST-SLIDE_1616,True,False,False
TEST-SLIDE_1617,True,False,False
TEST-SLIDE_1618,True,False,False
TEST-SLIDE_1619,True,False,False
TEST-SLIDE_1620,True,False,False
TEST-SLIDE_1622,True,False,False
TEST-SLIDE_1623,True,False,False
TEST-SLIDE_1624,True,False,False
TEST-SLIDE_1625,True,False,False
TEST-SLIDE_1626,True,False,False
TEST-SLIDE_1628,True,False,False
TEST-SLIDE_1630,True,False,False
TEST-SLIDE_1631,True,False,False
TEST-SLIDE_1633,True,False,False
TEST-SLIDE_1635,True,False,False
TEST-SLIDE_1636,True,False,False
TEST-SLIDE_1637,True,False,False
TEST-SLIDE_1639,True,False,False
TEST-SLIDE_1640,True,False,False
TEST-SLIDE_1641,True,False,False
TEST-SLIDE_1642,True,False,False
TEST-SLIDE_1644,True,False,False
TEST-SLIDE_1645,True,False,False
TEST-SLIDE_1646,True,False,False
TEST-SLIDE_1647,True,False,False
TEST-SLIDE_1648,True,False,False
TEST-SLIDE_1649,True,False,False
TEST-SLIDE_1650,True,False,False
TEST-SLIDE_1651,True,False,False
TEST-SLIDE_1652,True,False,False
TEST-SLIDE_1654,True,False,False
TEST-SLIDE_1657,True,False,False
TEST-SLIDE_1660,True,False,False
TEST-SLIDE_1661,True,False,False
TEST-SLIDE_1663,True,False,False
TEST-SLIDE_1665,True,False,False
TEST-SLIDE_1667,True,False,False
TEST-SLIDE_1668,True,False,False
TEST-SLIDE_1669,True,False,False
TEST-SLIDE_1670,True,False,False
TEST-SLIDE_1671,True,False,False
TEST-SLIDE_1673,True,False,False
TEST-SLIDE_1674,True,False,False
TEST-SLIDE_1675,True,False,False
TEST-SLIDE_1676,True,False,False
TEST-SLIDE_1677,True,False,False
TEST-SLIDE_1678,True,False,False
TEST-SLIDE_984,True,False,False
TEST-SLIDE_985,True,False,False
TEST-SLIDE_987,True,False,False
TEST-SLIDE_988,True,False,False
TEST-SLIDE_989,True,False,False
TEST-SLIDE_990,True,False,False
TEST-SLIDE_991,True,False,False
TEST-SLIDE_992,True,False,False
TEST-SLIDE_994,True,False,False
TEST-SLIDE_995,True,False,False
TEST-SLIDE_996,True,False,False
TEST-SLIDE_1000,True,False,False
TEST-SLIDE_1003,True,False,False
TEST-SLIDE_1004,True,False,False
TEST-SLIDE_1005,True,False,False
TEST-SLIDE_1006,True,False,False
TEST-SLIDE_1008,True,False,False
TEST-SLIDE_1009,True,False,False
TEST-SLIDE_1010,True,False,False
TEST-SLIDE_1011,True,False,False
TEST-SLIDE_1014,True,False,False
TEST-SLIDE_1015,True,False,False
TEST-SLIDE_1016,True,False,False
TEST-SLIDE_1017,True,False,False
TEST-SLIDE_1018,True,False,False
TEST-SLIDE_1019,True,False,False
TEST-SLIDE_1021,True,False,False
TEST-SLIDE_1022,True,False,False
TEST-SLIDE_1024,True,False,False
TEST-SLIDE_1025,True,False,False
TEST-SLIDE_1026,True,False,False
TEST-SLIDE_1028,True,False,False
TEST-SLIDE_1030,True,False,False
TEST-SLIDE_1031,True,False,False
TEST-SLIDE_1033,True,False,False
TEST-SLIDE_1034,True,False,False
TEST-SLIDE_1035,True,False,False
TEST-SLIDE_1036,True,False,False
TEST-SLIDE_1037,True,False,False
TEST-SLIDE_1038,True,False,False
TEST-SLIDE_1041,True,False,False
TEST-SLIDE_1043,True,False,False
TEST-SLIDE_1045,True,False,False
TEST-SLIDE_1047,True,False,False
TEST-SLIDE_1048,True,False,False
TEST-SLIDE_1049,True,False,False
TEST-SLIDE_1050,True,False,False
TEST-SLIDE_1056,True,False,False
TEST-SLIDE_1057,True,False,False
TEST-SLIDE_1058,True,False,False
TEST-SLIDE_1059,True,False,False
TEST-SLIDE_1061,True,False,False
TEST-SLIDE_1062,True,False,False
TEST-SLIDE_1063,True,False,False
TEST-SLIDE_1064,True,False,False
TEST-SLIDE_1067,True,False,False
TEST-SLIDE_1068,True,False,False
TEST-SLIDE_1069,True,False,False
TEST-SLIDE_1070,True,False,False
TEST-SLIDE_1072,True,False,False
TEST-SLIDE_1073,True,False,False
TEST-SLIDE_1074,True,False,False
TEST-SLIDE_1075,True,False,False
TEST-SLIDE_1076,True,False,False
TEST-SLIDE_1077,True,False,False
TEST-SLIDE_1078,True,False,False
TEST-SLIDE_1079,True,False,False
TEST-SLIDE_1080,True,False,False
TEST-SLIDE_1081,True,False,False
TEST-SLIDE_1082,True,False,False
TEST-SLIDE_1084,True,False,False
TEST-SLIDE_1086,True,False,False
TEST-SLIDE_1087,True,False,False
TEST-SLIDE_1088,True,False,False
TEST-SLIDE_1090,True,False,False
TEST-SLIDE_1093,True,False,False
TEST-SLIDE_1094,True,False,False
TEST-SLIDE_1095,True,False,False
TEST-SLIDE_1096,True,False,False
TEST-SLIDE_1097,True,False,False
TEST-SLIDE_1098,True,False,False
TEST-SLIDE_1100,True,False,False
TEST-SLIDE_1101,True,False,False
TEST-SLIDE_1102,True,False,False
TEST-SLIDE_1103,True,False,False
TEST-SLIDE_1104,True,False,False
TEST-SLIDE_1107,True,False,False
TEST-SLIDE_1108,True,False,False
TEST-SLIDE_1109,True,False,False
TEST-SLIDE_1111,True,False,False
TEST-SLIDE_1114,True,False,False
TEST-SLIDE_1115,True,False,False
TEST-SLIDE_1116,True,False,False
TEST-SLIDE_1118,True,False,False
TEST-SLIDE_1119,True,False,False
TEST-SLIDE_1120,True,False,False
TEST-SLIDE_1123,True,False,False
TEST-SLIDE_1124,True,False,False
TEST-SLIDE_1127,True,False,False
TEST-SLIDE_1128,True,False,False
TEST-SLIDE_1129,True,False,False
TEST-SLIDE_1130,True,False,False
TEST-SLIDE_1132,True,False,False
TEST-SLIDE_1133,True,False,False
TEST-SLIDE_1134,True,False,False
TEST-SLIDE_1135,True,False,False
TEST-SLIDE_1137,True,False,False
TEST-SLIDE_1138,True,False,False
TEST-SLIDE_1139,True,False,False
TEST-SLIDE_1140,True,False,False
TEST-SLIDE_1141,True,False,False
TEST-SLIDE_1142,True,False,False
TEST-SLIDE_1143,True,False,False
TEST-SLIDE_1145,True,False,False
TEST-SLIDE_1147,True,False,False
TEST-SLIDE_1148,True,False,False
TEST-SLIDE_1149,True,False,False
TEST-SLIDE_1150,True,False,False
TEST-SLIDE_1151,True,False,False
TEST-SLIDE_1152,True,False,False
TEST-SLIDE_1153,True,False,False
TEST-SLIDE_1154,True,False,False
TEST-SLIDE_1155,True,False,False
TEST-SLIDE_1156,True,False,False
TEST-SLIDE_1157,True,False,False
TEST-SLIDE_1158,True,False,False
TEST-SLIDE_1159,True,False,False
TEST-SLIDE_1160,True,False,False
TEST-SLIDE_1161,True,False,False
TEST-SLIDE_1162,True,False,False
TEST-SLIDE_1163,True,False,False
TEST-SLIDE_1164,True,False,False
TEST-SLIDE_1165,True,False,False
TEST-SLIDE_1166,True,False,False
TEST-SLIDE_1168,True,False,False
TEST-SLIDE_1170,True,False,False
TEST-SLIDE_1171,True,False,False
TEST-SLIDE_96,True,False,False
TEST-SLIDE_98,True,False,False
TEST-SLIDE_100,True,False,False
TEST-SLIDE_102,True,False,False
TEST-SLIDE_103,True,False,False
TEST-SLIDE_105,True,False,False
TEST-SLIDE_106,True,False,False
TEST-SLIDE_107,True,False,False
TEST-SLIDE_108,True,False,False
TEST-SLIDE_109,True,False,False
TEST-SLIDE_110,True,False,False
TEST-SLIDE_112,True,False,False
TEST-SLIDE_113,True,False,False
TEST-SLIDE_114,True,False,False
TEST-SLIDE_115,True,False,False
TEST-SLIDE_116,True,False,False
TEST-SLIDE_118,True,False,False
TEST-SLIDE_119,True,False,False
TEST-SLIDE_120,True,False,False
TEST-SLIDE_124,True,False,False
TEST-SLIDE_125,True,False,False
TEST-SLIDE_126,True,False,False
TEST-SLIDE_127,True,False,False
TEST-SLIDE_129,True,False,False
TEST-SLIDE_130,True,False,False
TEST-SLIDE_131,True,False,False
TEST-SLIDE_132,True,False,False
TEST-SLIDE_133,True,False,False
TEST-SLIDE_135,True,False,False
TEST-SLIDE_136,True,False,False
TEST-SLIDE_137,True,False,False
TEST-SLIDE_138,True,False,False
TEST-SLIDE_139,True,False,False
TEST-SLIDE_141,True,False,False
TEST-SLIDE_142,True,False,False
TEST-SLIDE_143,True,False,False
TEST-SLIDE_144,True,False,False
TEST-SLIDE_145,True,False,False
TEST-SLIDE_146,True,False,False
TEST-SLIDE_147,True,False,False
TEST-SLIDE_148,True,False,False
TEST-SLIDE_149,True,False,False
TEST-SLIDE_150,True,False,False
TEST-SLIDE_151,True,False,False
TEST-SLIDE_153,True,False,False
TEST-SLIDE_154,True,False,False
TEST-SLIDE_156,True,False,False
TEST-SLIDE_157,True,False,False
TEST-SLIDE_158,True,False,False
TEST-SLIDE_159,True,False,False
TEST-SLIDE_160,True,False,False
TEST-SLIDE_161,True,False,False
TEST-SLIDE_162,True,False,False
TEST-SLIDE_165,True,False,False
TEST-SLIDE_167,True,False,False
TEST-SLIDE_168,True,False,False
TEST-SLIDE_169,True,False,False
TEST-SLIDE_171,True,False,False
TEST-SLIDE_172,True,False,False
TEST-SLIDE_175,True,False,False
TEST-SLIDE_178,True,False,False
TEST-SLIDE_179,True,False,False
TEST-SLIDE_180,True,False,False
TEST-SLIDE_181,True,False,False
TEST-SLIDE_182,True,False,False
TEST-SLIDE_183,True,False,False
TEST-SLIDE_363,True,False,False
TEST-SLIDE_364,True,False,False
TEST-SLIDE_366,True,False,False
TEST-SLIDE_367,True,False,False
TEST-SLIDE_369,True,False,False
TEST-SLIDE_370,True,False,False
TEST-SLIDE_371,True,False,False
TEST-SLIDE_373,True,False,False
TEST-SLIDE_374,True,False,False
TEST-SLIDE_375,True,False,False
TEST-SLIDE_376,True,False,False
TEST-SLIDE_377,True,False,False
TEST-SLIDE_378,True,False,False
TEST-SLIDE_379,True,False,False
TEST-SLIDE_381,True,False,False
TEST-SLIDE_383,True,False,False
TEST-SLIDE_385,True,False,False
TEST-SLIDE_386,True,False,False
TEST-SLIDE_387,True,False,False
TEST-SLIDE_388,True,False,False
TEST-SLIDE_389,True,False,False
TEST-SLIDE_390,True,False,False
TEST-SLIDE_391,True,False,False
TEST-SLIDE_392,True,False,False
TEST-SLIDE_393,True,False,False
TEST-SLIDE_396,True,False,False
TEST-SLIDE_398,True,False,False
TEST-SLIDE_399,True,False,False
TEST-SLIDE_400,True,False,False
TEST-SLIDE_402,True,False,False
TEST-SLIDE_403,True,False,False
TEST-SLIDE_404,True,False,False
TEST-SLIDE_406,True,False,False
TEST-SLIDE_407,True,False,False
TEST-SLIDE_408,True,False,False
TEST-SLIDE_409,True,False,False
TEST-SLIDE_410,True,False,False
TEST-SLIDE_411,True,False,False
TEST-SLIDE_414,True,False,False
TEST-SLIDE_415,True,False,False
TEST-SLIDE_416,True,False,False
TEST-SLIDE_418,True,False,False
TEST-SLIDE_419,True,False,False
TEST-SLIDE_420,True,False,False
TEST-SLIDE_421,True,False,False
TEST-SLIDE_422,True,False,False
TEST-SLIDE_423,True,False,False
TEST-SLIDE_425,True,False,False
TEST-SLIDE_426,True,False,False
TEST-SLIDE_428,True,False,False
TEST-SLIDE_429,True,False,False
TEST-SLIDE_430,True,False,False
TEST-SLIDE_431,True,False,False
TEST-SLIDE_434,True,False,False
TEST-SLIDE_436,True,False,False
TEST-SLIDE_437,True,False,False
TEST-SLIDE_438,True,False,False
TEST-SLIDE_439,True,False,False
TEST-SLIDE_441,True,False,False
TEST-SLIDE_442,True,False,False
TEST-SLIDE_443,True,False,False
TEST-SLIDE_445,True,False,False
TEST-SLIDE_446,True,False,False
TEST-SLIDE_448,True,False,False
TEST-SLIDE_449,True,False,False
TEST-SLIDE_450,True,False,False
TEST-SLIDE_452,True,False,False
TEST-SLIDE_453,True,False,False
TEST-SLIDE_454,True,False,False
TEST-SLIDE_455,True,False,False
TEST-SLIDE_457,True,False,False
TEST-SLIDE_458,True,False,False
TEST-SLIDE_459,True,False,False
TEST-SLIDE_460,True,False,False
TEST-SLIDE_463,True,False,False
TEST-SLIDE_464,True,False,False
TEST-SLIDE_467,True,False,False
TEST-SLIDE_468,True,False,False
TEST-SLIDE_470,True,False,False
TEST-SLIDE_471,True,False,False
TEST-SLIDE_473,True,False,False
TEST-SLIDE_474,True,False,False
TEST-SLIDE_475,True,False,False
TEST-SLIDE_476,True,False,False
TEST-SLIDE_1495,True,False,False
TEST-SLIDE_1496,True,False,False
TEST-SLIDE_1497,True,False,False
TEST-SLIDE_1498,True,False,False
TEST-SLIDE_1500,True,False,False
TEST-SLIDE_1501,True,False,False
TEST-SLIDE_1502,True,False,False
TEST-SLIDE_1504,True,False,False
TEST-SLIDE_1507,True,False,False
TEST-SLIDE_1508,True,False,False
TEST-SLIDE_1509,True,False,False
TEST-SLIDE_1511,True,False,False
TEST-SLIDE_1514,True,False,False
TEST-SLIDE_1515,True,False,False
TEST-SLIDE_1517,True,False,False
TEST-SLIDE_1518,True,False,False
TEST-SLIDE_1519,True,False,False
TEST-SLIDE_1520,True,False,False
TEST-SLIDE_1521,True,False,False
TEST-SLIDE_1522,True,False,False
TEST-SLIDE_1524,True,False,False
TEST-SLIDE_1527,True,False,False
TEST-SLIDE_1528,True,False,False
TEST-SLIDE_1531,True,False,False
TEST-SLIDE_1532,True,False,False
TEST-SLIDE_1533,True,False,False
TEST-SLIDE_1535,True,False,False
TEST-SLIDE_1536,True,False,False
TEST-SLIDE_1537,True,False,False
TEST-SLIDE_1538,True,False,False
TEST-SLIDE_1539,True,False,False
TEST-SLIDE_1542,True,False,False
TEST-SLIDE_1543,True,False,False
TEST-SLIDE_1544,True,False,False
TEST-SLIDE_1545,True,False,False
TEST-SLIDE_1546,True,False,False
TEST-SLIDE_1549,True,False,False
TEST-SLIDE_1550,True,False,False
TEST-SLIDE_1554,True,False,False
TEST-SLIDE_1555,True,False,False
TEST-SLIDE_1556,True,False,False
TEST-SLIDE_1557,True,False,False
TEST-SLIDE_1558,True,False,False
TEST-SLIDE_1559,True,False,False
TEST-SLIDE_1560,True,False,False
TEST-SLIDE_1561,True,False,False
TEST-SLIDE_1562,True,False,False
TEST-SLIDE_1563,True,False,False
TEST-SLIDE_1565,True,False,False
TEST-SLIDE_1567,True,False,False
TEST-SLIDE_1569,True,False,False
TEST-SLIDE_1570,True,False,False
TEST-SLIDE_1571,True,False,False
TEST-SLIDE_1572,True,False,False
TEST-SLIDE_1574,True,False,False
TEST-SLIDE_1575,True,False,False
TEST-SLIDE_1576,True,False,False
TEST-SLIDE_1577,True,False,False
TEST-SLIDE_1578,True,False,False
TEST-SLIDE_1580,True,False,False
TEST-SLIDE_1581,True,False,False
TEST-SLIDE_1582,True,False,False
TEST-SLIDE_1584,True,False,False
TEST-SLIDE_1585,True,False,False
TEST-SLIDE_1586,True,False,False
TEST-SLIDE_1588,True,False,False
TEST-SLIDE_1589,True,False,False
TEST-SLIDE_1590,True,False,False
TEST-SLIDE_1591,True,False,False
TEST-SLIDE_1592,True,False,False
TEST-SLIDE_1593,True,False,False
TEST-SLIDE_1594,True,False,False
TEST-SLIDE_1596,True,False,False
TEST-SLIDE_1597,True,False,False
TEST-SLIDE_0,True,False,False
TEST-SLIDE_1,True,False,False
TEST-SLIDE_2,True,False,False
TEST-SLIDE_3,True,False,False
TEST-SLIDE_5,True,False,False
TEST-SLIDE_6,True,False,False
TEST-SLIDE_7,True,False,False
TEST-SLIDE_8,True,False,False
TEST-SLIDE_9,True,False,False
TEST-SLIDE_10,True,False,False
TEST-SLIDE_12,True,False,False
TEST-SLIDE_13,True,False,False
TEST-SLIDE_14,True,False,False
TEST-SLIDE_15,True,False,False
TEST-SLIDE_16,True,False,False
TEST-SLIDE_17,True,False,False
TEST-SLIDE_18,True,False,False
TEST-SLIDE_19,True,False,False
TEST-SLIDE_20,True,False,False
TEST-SLIDE_21,True,False,False
TEST-SLIDE_22,True,False,False
TEST-SLIDE_24,True,False,False
TEST-SLIDE_25,True,False,False
TEST-SLIDE_27,True,False,False
TEST-SLIDE_28,True,False,False
TEST-SLIDE_30,True,False,False
TEST-SLIDE_31,True,False,False
TEST-SLIDE_36,True,False,False
TEST-SLIDE_38,True,False,False
TEST-SLIDE_41,True,False,False
TEST-SLIDE_42,True,False,False
TEST-SLIDE_43,True,False,False
TEST-SLIDE_44,True,False,False
TEST-SLIDE_45,True,False,False
TEST-SLIDE_46,True,False,False
TEST-SLIDE_48,True,False,False
TEST-SLIDE_49,True,False,False
TEST-SLIDE_51,True,False,False
TEST-SLIDE_52,True,False,False
TEST-SLIDE_53,True,False,False
TEST-SLIDE_55,True,False,False
TEST-SLIDE_56,True,False,False
TEST-SLIDE_57,True,False,False
TEST-SLIDE_60,True,False,False
TEST-SLIDE_61,True,False,False
TEST-SLIDE_62,True,False,False
TEST-SLIDE_63,True,False,False
TEST-SLIDE_65,True,False,False
TEST-SLIDE_67,True,False,False
TEST-SLIDE_68,True,False,False
TEST-SLIDE_69,True,False,False
TEST-SLIDE_70,True,False,False
TEST-SLIDE_71,True,False,False
TEST-SLIDE_72,True,False,False
TEST-SLIDE_73,True,False,False
TEST-SLIDE_74,True,False,False
TEST-SLIDE_75,True,False,False
TEST-SLIDE_76,True,False,False
TEST-SLIDE_77,True,False,False
TEST-SLIDE_79,True,False,False
TEST-SLIDE_80,True,False,False
TEST-SLIDE_86,True,False,False
TEST-SLIDE_88,True,False,False
TEST-SLIDE_89,True,False,False
TEST-SLIDE_90,True,False,False
TEST-SLIDE_91,True,False,False
TEST-SLIDE_92,True,False,False
TEST-SLIDE_93,True,False,False
TEST-SLIDE_94,True,False,False
TEST-SLIDE_477,True,False,False
TEST-SLIDE_479,True,False,False
TEST-SLIDE_480,True,False,False
TEST-SLIDE_481,True,False,False
TEST-SLIDE_483,True,False,False
TEST-SLIDE_484,True,False,False
TEST-SLIDE_485,True,False,False
TEST-SLIDE_486,True,False,False
TEST-SLIDE_488,True,False,False
TEST-SLIDE_489,True,False,False
TEST-SLIDE_492,True,False,False
TEST-SLIDE_493,True,False,False
TEST-SLIDE_494,True,False,False
TEST-SLIDE_495,True,False,False
TEST-SLIDE_497,True,False,False
TEST-SLIDE_498,True,False,False
TEST-SLIDE_499,True,False,False
TEST-SLIDE_500,True,False,False
TEST-SLIDE_502,True,False,False
TEST-SLIDE_504,True,False,False
TEST-SLIDE_505,True,False,False
TEST-SLIDE_506,True,False,False
TEST-SLIDE_507,True,False,False
TEST-SLIDE_508,True,False,False
TEST-SLIDE_509,True,False,False
TEST-SLIDE_510,True,False,False
TEST-SLIDE_511,True,False,False
TEST-SLIDE_512,True,False,False
TEST-SLIDE_513,True,False,False
TEST-SLIDE_514,True,False,False
TEST-SLIDE_515,True,False,False
TEST-SLIDE_516,True,False,False
TEST-SLIDE_517,True,False,False
TEST-SLIDE_518,True,False,False
TEST-SLIDE_519,True,False,False
TEST-SLIDE_521,True,False,False
TEST-SLIDE_522,True,False,False
TEST-SLIDE_523,True,False,False
TEST-SLIDE_524,True,False,False
TEST-SLIDE_525,True,False,False
TEST-SLIDE_526,True,False,False
TEST-SLIDE_527,True,False,False
TEST-SLIDE_529,True,False,False
TEST-SLIDE_530,True,False,False
TEST-SLIDE_532,True,False,False
TEST-SLIDE_533,True,False,False
TEST-SLIDE_534,True,False,False
TEST-SLIDE_535,True,False,False
TEST-SLIDE_536,True,False,False
TEST-SLIDE_537,True,False,False
TEST-SLIDE_538,True,False,False
TEST-SLIDE_539,True,False,False
TEST-SLIDE_540,True,False,False
TEST-SLIDE_541,True,False,False
TEST-SLIDE_542,True,False,False
TEST-SLIDE_543,True,False,False
TEST-SLIDE_544,True,False,False
TEST-SLIDE_545,True,False,False
TEST-SLIDE_546,True,False,False
TEST-SLIDE_548,True,False,False
TEST-SLIDE_549,True,False,False
TEST-SLIDE_550,True,False,False
TEST-SLIDE_551,True,False,False
TEST-SLIDE_552,True,False,False
TEST-SLIDE_553,True,False,False
TEST-SLIDE_554,True,False,False
TEST-SLIDE_555,True,False,False
TEST-SLIDE_556,True,False,False
TEST-SLIDE_557,True,False,False
TEST-SLIDE_558,True,False,False
TEST-SLIDE_559,True,False,False
TEST-SLIDE_560,True,False,False
TEST-SLIDE_561,True,False,False
TEST-SLIDE_562,True,False,False
TEST-SLIDE_563,True,False,False
TEST-SLIDE_564,True,False,False
TEST-SLIDE_565,True,False,False
TEST-SLIDE_566,True,False,False
TEST-SLIDE_567,True,False,False
TEST-SLIDE_568,True,False,False
TEST-SLIDE_569,True,False,False
TEST-SLIDE_570,True,False,False
TEST-SLIDE_571,True,False,False
TEST-SLIDE_572,True,False,False
TEST-SLIDE_574,True,False,False
TEST-SLIDE_575,True,False,False
TEST-SLIDE_577,True,False,False
TEST-SLIDE_578,True,False,False
TEST-SLIDE_579,True,False,False
TEST-SLIDE_583,True,False,False
TEST-SLIDE_584,True,False,False
TEST-SLIDE_585,True,False,False
TEST-SLIDE_586,True,False,False
TEST-SLIDE_587,True,False,False
TEST-SLIDE_588,True,False,False
TEST-SLIDE_589,True,False,False
TEST-SLIDE_590,True,False,False
TEST-SLIDE_591,True,False,False
TEST-SLIDE_592,True,False,False
TEST-SLIDE_594,True,False,False
TEST-SLIDE_595,True,False,False
TEST-SLIDE_596,True,False,False
TEST-SLIDE_598,True,False,False
TEST-SLIDE_599,True,False,False
TEST-SLIDE_600,True,False,False
TEST-SLIDE_601,True,False,False
TEST-SLIDE_602,True,False,False
TEST-SLIDE_603,True,False,False
TEST-SLIDE_604,True,False,False
TEST-SLIDE_605,True,False,False
TEST-SLIDE_607,True,False,False
TEST-SLIDE_608,True,False,False
TEST-SLIDE_609,True,False,False
TEST-SLIDE_610,True,False,False
TEST-SLIDE_611,True,False,False
TEST-SLIDE_612,True,False,False
TEST-SLIDE_613,True,False,False
TEST-SLIDE_614,True,False,False
TEST-SLIDE_616,True,False,False
TEST-SLIDE_617,True,False,False
TEST-SLIDE_618,True,False,False
TEST-SLIDE_619,True,False,False
TEST-SLIDE_620,True,False,False
TEST-SLIDE_621,True,False,False
TEST-SLIDE_622,True,False,False
TEST-SLIDE_623,True,False,False
TEST-SLIDE_624,True,False,False
TEST-SLIDE_626,True,False,False
TEST-SLIDE_1173,True,False,False
TEST-SLIDE_1174,True,False,False
TEST-SLIDE_1176,True,False,False
TEST-SLIDE_1177,True,False,False
TEST-SLIDE_1178,True,False,False
TEST-SLIDE_1179,True,False,False
TEST-SLIDE_1181,True,False,False
TEST-SLIDE_1182,True,False,False
TEST-SLIDE_1183,True,False,False
TEST-SLIDE_1186,True,False,False
TEST-SLIDE_1187,True,False,False
TEST-SLIDE_1188,True,False,False
TEST-SLIDE_1189,True,False,False
TEST-SLIDE_1190,True,False,False
TEST-SLIDE_1191,True,False,False
TEST-SLIDE_1192,True,False,False
TEST-SLIDE_1194,True,False,False
TEST-SLIDE_1196,True,False,False
TEST-SLIDE_1197,True,False,False
TEST-SLIDE_1198,True,False,False
TEST-SLIDE_1199,True,False,False
TEST-SLIDE_1200,True,False,False
TEST-SLIDE_1201,True,False,False
TEST-SLIDE_1202,True,False,False
TEST-SLIDE_1204,True,False,False
TEST-SLIDE_1205,True,False,False
TEST-SLIDE_1206,True,False,False
TEST-SLIDE_1207,True,False,False
TEST-SLIDE_1208,True,False,False
TEST-SLIDE_1209,True,False,False
TEST-SLIDE_1210,True,False,False
TEST-SLIDE_1211,True,False,False
TEST-SLIDE_1212,True,False,False
TEST-SLIDE_1215,True,False,False
TEST-SLIDE_1217,True,False,False
TEST-SLIDE_1218,True,False,False
TEST-SLIDE_1220,True,False,False
TEST-SLIDE_1221,True,False,False
TEST-SLIDE_1223,True,False,False
TEST-SLIDE_1225,True,False,False
TEST-SLIDE_1226,True,False,False
TEST-SLIDE_1227,True,False,False
TEST-SLIDE_1229,True,False,False
TEST-SLIDE_1230,True,False,False
TEST-SLIDE_1231,True,False,False
TEST-SLIDE_1233,True,False,False
TEST-SLIDE_1234,True,False,False
TEST-SLIDE_1235,True,False,False
TEST-SLIDE_1236,True,False,False
TEST-SLIDE_1237,True,False,False
TEST-SLIDE_1238,True,False,False
TEST-SLIDE_1239,True,False,False
TEST-SLIDE_1240,True,False,False
TEST-SLIDE_1241,True,False,False
TEST-SLIDE_1242,True,False,False
TEST-SLIDE_1243,True,False,False
TEST-SLIDE_1244,True,False,False
TEST-SLIDE_1245,True,False,False
TEST-SLIDE_1246,True,False,False
TEST-SLIDE_1248,True,False,False
TEST-SLIDE_1249,True,False,False
TEST-SLIDE_1250,True,False,False
TEST-SLIDE_1251,True,False,False
TEST-SLIDE_1252,True,False,False
TEST-SLIDE_1253,True,False,False
TEST-SLIDE_1254,True,False,False
TEST-SLIDE_1255,True,False,False
TEST-SLIDE_1256,True,False,False
TEST-SLIDE_1257,True,False,False
TEST-SLIDE_1258,True,False,False
TEST-SLIDE_1259,True,False,False
TEST-SLIDE_1260,True,False,False
TEST-SLIDE_1261,True,False,False
TEST-SLIDE_1263,True,False,False
TEST-SLIDE_1265,True,False,False
TEST-SLIDE_1266,True,False,False
TEST-SLIDE_1267,True,False,False
TEST-SLIDE_1268,True,False,False
TEST-SLIDE_1270,True,False,False
TEST-SLIDE_1271,True,False,False
TEST-SLIDE_1272,True,False,False
TEST-SLIDE_1274,True,False,False
TEST-SLIDE_1275,True,False,False
TEST-SLIDE_1276,True,False,False
TEST-SLIDE_1278,True,False,False
TEST-SLIDE_1279,True,False,False
TEST-SLIDE_1281,True,False,False
TEST-SLIDE_1282,True,False,False
TEST-SLIDE_1283,True,False,False
TEST-SLIDE_1285,True,False,False
TEST-SLIDE_1286,True,False,False
TEST-SLIDE_1287,True,False,False
TEST-SLIDE_1288,True,False,False
TEST-SLIDE_1289,True,False,False
TEST-SLIDE_1290,True,False,False
TEST-SLIDE_1292,True,False,False
TEST-SLIDE_1293,True,False,False
TEST-SLIDE_1294,True,False,False
TEST-SLIDE_1295,True,False,False
TEST-SLIDE_1296,True,False,False
TEST-SLIDE_1299,True,False,False
TEST-SLIDE_1300,True,False,False
TEST-SLIDE_1301,True,False,False
TEST-SLIDE_1302,True,False,False
TEST-SLIDE_1303,True,False,False
TEST-SLIDE_1304,True,False,False
TEST-SLIDE_1305,True,False,False
TEST-SLIDE_1306,True,False,False
TEST-SLIDE_1307,True,False,False
TEST-SLIDE_1308,True,False,False
TEST-SLIDE_1311,True,False,False
TEST-SLIDE_1312,True,False,False
TEST-SLIDE_1313,True,False,False
TEST-SLIDE_1314,True,False,False
TEST-SLIDE_1315,True,False,False
TEST-SLIDE_1316,True,False,False
TEST-SLIDE_1317,True,False,False
TEST-SLIDE_1318,True,False,False
TEST-SLIDE_1319,True,False,False
TEST-SLIDE_1320,True,False,False
TEST-SLIDE_1321,True,False,False
TEST-SLIDE_1322,True,False,False
TEST-SLIDE_1323,True,False,False
TEST-SLIDE_1324,True,False,False
TEST-SLIDE_1325,True,False,False
TEST-SLIDE_1326,True,False,False
TEST-SLIDE_1328,True,False,False
TEST-SLIDE_1329,True,False,False
TEST-SLIDE_1330,True,False,False
TEST-SLIDE_1331,True,False,False
TEST-SLIDE_1332,True,False,False
TEST-SLIDE_1333,True,False,False
TEST-SLIDE_1334,True,False,False
TEST-SLIDE_1335,True,False,False
TEST-SLIDE_1336,True,False,False
TEST-SLIDE_1337,True,False,False
TEST-SLIDE_1338,True,False,False
TEST-SLIDE_1339,True,False,False
TEST-SLIDE_1340,True,False,False
TEST-SLIDE_316,True,False,False
TEST-SLIDE_317,True,False,False
TEST-SLIDE_318,True,False,False
TEST-SLIDE_319,True,False,False
TEST-SLIDE_320,True,False,False
TEST-SLIDE_321,True,False,False
TEST-SLIDE_322,True,False,False
TEST-SLIDE_323,True,False,False
TEST-SLIDE_324,True,False,False
TEST-SLIDE_325,True,False,False
TEST-SLIDE_326,True,False,False
TEST-SLIDE_327,True,False,False
TEST-SLIDE_328,True,False,False
TEST-SLIDE_329,True,False,False
TEST-SLIDE_330,True,False,False
TEST-SLIDE_331,True,False,False
TEST-SLIDE_333,True,False,False
TEST-SLIDE_334,True,False,False
TEST-SLIDE_335,True,False,False
TEST-SLIDE_337,True,False,False
TEST-SLIDE_338,True,False,False
TEST-SLIDE_339,True,False,False
TEST-SLIDE_341,True,False,False
TEST-SLIDE_342,True,False,False
TEST-SLIDE_343,True,False,False
TEST-SLIDE_344,True,False,False
TEST-SLIDE_345,True,False,False
TEST-SLIDE_346,True,False,False
TEST-SLIDE_348,True,False,False
TEST-SLIDE_349,True,False,False
TEST-SLIDE_350,True,False,False
TEST-SLIDE_352,True,False,False
TEST-SLIDE_353,True,False,False
TEST-SLIDE_355,True,False,False
TEST-SLIDE_356,True,False,False
TEST-SLIDE_358,True,False,False
TEST-SLIDE_359,True,False,False
TEST-SLIDE_360,True,False,False
TEST-SLIDE_361,True,False,False
TEST-SLIDE_1679,True,False,False
TEST-SLIDE_1681,True,False,False
TEST-SLIDE_1682,True,False,False
TEST-SLIDE_1683,True,False,False
TEST-SLIDE_1684,True,False,False
TEST-SLIDE_1685,True,False,False
TEST-SLIDE_1686,True,False,False
TEST-SLIDE_1687,True,False,False
TEST-SLIDE_1688,True,False,False
TEST-SLIDE_1689,True,False,False
TEST-SLIDE_1690,True,False,False
TEST-SLIDE_1691,True,False,False
TEST-SLIDE_1692,True,False,False
TEST-SLIDE_1693,True,False,False
TEST-SLIDE_1694,True,False,False
TEST-SLIDE_1696,True,False,False
TEST-SLIDE_1697,True,False,False
TEST-SLIDE_1698,True,False,False
TEST-SLIDE_1699,True,False,False
TEST-SLIDE_1700,True,False,False
TEST-SLIDE_1703,True,False,False
TEST-SLIDE_1705,True,False,False
TEST-SLIDE_1706,True,False,False
TEST-SLIDE_1707,True,False,False
TEST-SLIDE_1709,True,False,False
TEST-SLIDE_1710,True,False,False
TEST-SLIDE_1711,True,False,False
TEST-SLIDE_1713,True,False,False
TEST-SLIDE_1714,True,False,False
TEST-SLIDE_1715,True,False,False
TEST-SLIDE_1717,True,False,False
TEST-SLIDE_1719,True,False,False
TEST-SLIDE_1720,True,False,False
TEST-SLIDE_1722,True,False,False
TEST-SLIDE_1724,True,False,False
TEST-SLIDE_1725,True,False,False
TEST-SLIDE_1726,True,False,False
TEST-SLIDE_1727,True,False,False
TEST-SLIDE_1728,True,False,False
TEST-SLIDE_1729,True,False,False
TEST-SLIDE_1732,True,False,False
TEST-SLIDE_1733,True,False,False
TEST-SLIDE_1735,True,False,False
TEST-SLIDE_1736,True,False,False
TEST-SLIDE_1737,True,False,False
TEST-SLIDE_1738,True,False,False
TEST-SLIDE_1739,True,False,False
TEST-SLIDE_1741,True,False,False
TEST-SLIDE_1742,True,False,False
TEST-SLIDE_1743,True,False,False
TEST-SLIDE_1744,True,False,False
TEST-SLIDE_1745,True,False,False
TEST-SLIDE_1746,True,False,False
TEST-SLIDE_1748,True,False,False
TEST-SLIDE_1749,True,False,False
TEST-SLIDE_1750,True,False,False
TEST-SLIDE_1751,True,False,False
TEST-SLIDE_1752,True,False,False
TEST-SLIDE_1753,True,False,False
TEST-SLIDE_1754,True,False,False
TEST-SLIDE_1755,True,False,False
TEST-SLIDE_1756,True,False,False
TEST-SLIDE_1757,True,False,False
TEST-SLIDE_1759,True,False,False
TEST-SLIDE_1760,True,False,False
TEST-SLIDE_1761,True,False,False
TEST-SLIDE_1762,True,False,False
TEST-SLIDE_1763,True,False,False
TEST-SLIDE_1765,True,False,False
TEST-SLIDE_1767,True,False,False
TEST-SLIDE_1771,True,False,False
TEST-SLIDE_1772,True,False,False
TEST-SLIDE_1773,True,False,False
TEST-SLIDE_1775,True,False,False
TEST-SLIDE_1776,True,False,False
TEST-SLIDE_1778,True,False,False
TEST-SLIDE_1779,True,False,False
TEST-SLIDE_1781,True,False,False
TEST-SLIDE_1783,True,False,False
TEST-SLIDE_1785,True,False,False
TEST-SLIDE_1788,True,False,False
TEST-SLIDE_1789,True,False,False
TEST-SLIDE_1790,True,False,False
TEST-SLIDE_1791,True,False,False
TEST-SLIDE_1793,True,False,False
TEST-SLIDE_1794,True,False,False
TEST-SLIDE_1795,True,False,False
TEST-SLIDE_1796,True,False,False
TEST-SLIDE_1797,True,False,False
TEST-SLIDE_1798,True,False,False
TEST-SLIDE_1799,True,False,False
TEST-SLIDE_1800,True,False,False
TEST-SLIDE_1363,True,False,False
TEST-SLIDE_1364,True,False,False
TEST-SLIDE_1365,True,False,False
TEST-SLIDE_1366,True,False,False
TEST-SLIDE_1367,True,False,False
TEST-SLIDE_1368,True,False,False
TEST-SLIDE_1369,True,False,False
TEST-SLIDE_1371,True,False,False
TEST-SLIDE_1372,True,False,False
TEST-SLIDE_1373,True,False,False
TEST-SLIDE_1374,True,False,False
TEST-SLIDE_1375,True,False,False
TEST-SLIDE_1376,True,False,False
TEST-SLIDE_1377,True,False,False
TEST-SLIDE_1378,True,False,False
TEST-SLIDE_1379,True,False,False
TEST-SLIDE_1380,True,False,False
TEST-SLIDE_1381,True,False,False
TEST-SLIDE_1383,True,False,False
TEST-SLIDE_1384,True,False,False
TEST-SLIDE_1385,True,False,False
TEST-SLIDE_1386,True,False,False
TEST-SLIDE_1387,True,False,False
TEST-SLIDE_1388,True,False,False
TEST-SLIDE_1389,True,False,False
TEST-SLIDE_1390,True,False,False
TEST-SLIDE_1391,True,False,False
TEST-SLIDE_1392,True,False,False
TEST-SLIDE_1393,True,False,False
TEST-SLIDE_1395,True,False,False
TEST-SLIDE_1396,True,False,False
TEST-SLIDE_1398,True,False,False
TEST-SLIDE_1399,True,False,False
TEST-SLIDE_1400,True,False,False
TEST-SLIDE_1402,True,False,False
TEST-SLIDE_1403,True,False,False
TEST-SLIDE_1405,True,False,False
TEST-SLIDE_1411,True,False,False
TEST-SLIDE_1412,True,False,False
TEST-SLIDE_1414,True,False,False
TEST-SLIDE_1416,True,False,False
TEST-SLIDE_1418,True,False,False
TEST-SLIDE_1419,True,False,False
TEST-SLIDE_1420,True,False,False
TEST-SLIDE_1422,True,False,False
TEST-SLIDE_1423,True,False,False
TEST-SLIDE_1424,True,False,False
TEST-SLIDE_1425,True,False,False
TEST-SLIDE_1428,True,False,False
TEST-SLIDE_1429,True,False,False
TEST-SLIDE_1430,True,False,False
TEST-SLIDE_1433,True,False,False
TEST-SLIDE_1435,True,False,False
TEST-SLIDE_1436,True,False,False
TEST-SLIDE_1437,True,False,False
TEST-SLIDE_1438,True,False,False
TEST-SLIDE_1439,True,False,False
TEST-SLIDE_1440,True,False,False
TEST-SLIDE_1441,True,False,False
TEST-SLIDE_1443,True,False,False
TEST-SLIDE_1444,True,False,False
TEST-SLIDE_1445,True,False,False
TEST-SLIDE_1446,True,False,False
TEST-SLIDE_1447,True,False,False
TEST-SLIDE_1448,True,False,False
TEST-SLIDE_1450,True,False,False
TEST-SLIDE_1451,True,False,False
TEST-SLIDE_1454,True,False,False
TEST-SLIDE_1456,True,False,False
TEST-SLIDE_1457,True,False,False
TEST-SLIDE_1458,True,False,False
TEST-SLIDE_1459,True,False,False
TEST-SLIDE_1461,True,False,False
TEST-SLIDE_1462,True,False,False
TEST-SLIDE_1463,True,False,False
TEST-SLIDE_1464,True,False,False
TEST-SLIDE_1465,True,False,False
TEST-SLIDE_1467,True,False,False
TEST-SLIDE_1469,True,False,False
TEST-SLIDE_1470,True,False,False
TEST-SLIDE_1471,True,False,False
TEST-SLIDE_1472,True,False,False
TEST-SLIDE_1473,True,False,False
TEST-SLIDE_1474,True,False,False
TEST-SLIDE_1475,True,False,False
TEST-SLIDE_1476,True,False,False
TEST-SLIDE_1477,True,False,False
TEST-SLIDE_1478,True,False,False
TEST-SLIDE_1480,True,False,False
TEST-SLIDE_1482,True,False,False
TEST-SLIDE_1483,True,False,False
TEST-SLIDE_1485,True,False,False
TEST-SLIDE_1490,True,False,False
TEST-SLIDE_1491,True,False,False
TEST-SLIDE_1492,True,False,False
TEST-SLIDE_1493,True,False,False
TEST-SLIDE_1928,False,True,False
TEST-SLIDE_2004,False,True,False
TEST-SLIDE_1819,False,True,False
TEST-SLIDE_1976,False,True,False
TEST-SLIDE_1997,False,True,False
TEST-SLIDE_1832,False,True,False
TEST-SLIDE_1829,False,True,False
TEST-SLIDE_1841,False,True,False
TEST-SLIDE_1896,False,True,False
TEST-SLIDE_1839,False,True,False
TEST-SLIDE_1946,False,True,False
TEST-SLIDE_1845,False,True,False
TEST-SLIDE_1852,False,True,False
TEST-SLIDE_1870,False,True,False
TEST-SLIDE_1805,False,True,False
TEST-SLIDE_1894,False,True,False
TEST-SLIDE_1973,False,True,False
TEST-SLIDE_1951,False,True,False
TEST-SLIDE_1812,False,True,False
TEST-SLIDE_920,False,True,False
TEST-SLIDE_859,False,True,False
TEST-SLIDE_872,False,True,False
TEST-SLIDE_778,False,True,False
TEST-SLIDE_781,False,True,False
TEST-SLIDE_940,False,True,False
TEST-SLIDE_811,False,True,False
TEST-SLIDE_793,False,True,False
TEST-SLIDE_766,False,True,False
TEST-SLIDE_871,False,True,False
TEST-SLIDE_805,False,True,False
TEST-SLIDE_771,False,True,False
TEST-SLIDE_968,False,True,False
TEST-SLIDE_908,False,True,False
TEST-SLIDE_949,False,True,False
TEST-SLIDE_847,False,True,False
TEST-SLIDE_975,False,True,False
TEST-SLIDE_817,False,True,False
TEST-SLIDE_823,False,True,False
TEST-SLIDE_945,False,True,False
TEST-SLIDE_877,False,True,False
TEST-SLIDE_259,False,True,False
TEST-SLIDE_2007,False,True,False
TEST-SLIDE_250,False,True,False
TEST-SLIDE_268,False,True,False
TEST-SLIDE_2019,False,True,False
TEST-SLIDE_247,False,True,False
TEST-SLIDE_2036,False,True,False
TEST-SLIDE_289,False,True,False
TEST-SLIDE_297,False,True,False
TEST-SLIDE_2040,False,True,False
TEST-SLIDE_266,False,True,False
TEST-SLIDE_2028,False,True,False
TEST-SLIDE_1361,False,True,False
TEST-SLIDE_1358,False,True,False
TEST-SLIDE_636,False,True,False
TEST-SLIDE_655,False,True,False
TEST-SLIDE_660,False,True,False
TEST-SLIDE_202,False,True,False
TEST-SLIDE_670,False,True,False
TEST-SLIDE_698,False,True,False
TEST-SLIDE_732,False,True,False
TEST-SLIDE_695,False,True,False
TEST-SLIDE_714,False,True,False
TEST-SLIDE_723,False,True,False
TEST-SLIDE_707,False,True,False
TEST-SLIDE_686,False,True,False
TEST-SLIDE_1672,False,True,False
TEST-SLIDE_1653,False,True,False
TEST-SLIDE_1621,False,True,False
TEST-SLIDE_1643,False,True,False
TEST-SLIDE_1600,False,True,False
TEST-SLIDE_1634,False,True,False
TEST-SLIDE_1609,False,True,False
TEST-SLIDE_1662,False,True,False
TEST-SLIDE_1060,False,True,False
TEST-SLIDE_1085,False,True,False
TEST-SLIDE_1172,False,True,False
TEST-SLIDE_1131,False,True,False
TEST-SLIDE_1023,False,True,False
TEST-SLIDE_1013,False,True,False
TEST-SLIDE_1110,False,True,False
TEST-SLIDE_1092,False,True,False
TEST-SLIDE_1029,False,True,False
TEST-SLIDE_1146,False,True,False
TEST-SLIDE_1144,False,True,False
TEST-SLIDE_1112,False,True,False
TEST-SLIDE_1051,False,True,False
TEST-SLIDE_1126,False,True,False
TEST-SLIDE_1089,False,True,False
TEST-SLIDE_1046,False,True,False
TEST-SLIDE_1032,False,True,False
TEST-SLIDE_122,False,True,False
TEST-SLIDE_121,False,True,False
TEST-SLIDE_111,False,True,False
TEST-SLIDE_177,False,True,False
TEST-SLIDE_140,False,True,False
TEST-SLIDE_173,False,True,False
TEST-SLIDE_163,False,True,False
TEST-SLIDE_424,False,True,False
TEST-SLIDE_472,False,True,False
TEST-SLIDE_412,False,True,False
TEST-SLIDE_384,False,True,False
TEST-SLIDE_466,False,True,False
TEST-SLIDE_435,False,True,False
TEST-SLIDE_372,False,True,False
TEST-SLIDE_433,False,True,False
TEST-SLIDE_405,False,True,False
TEST-SLIDE_461,False,True,False
TEST-SLIDE_1568,False,True,False
TEST-SLIDE_1512,False,True,False
TEST-SLIDE_1579,False,True,False
TEST-SLIDE_1510,False,True,False
TEST-SLIDE_1552,False,True,False
TEST-SLIDE_1503,False,True,False
TEST-SLIDE_1548,False,True,False
TEST-SLIDE_1523,False,True,False
TEST-SLIDE_1530,False,True,False
TEST-SLIDE_1529,False,True,False
TEST-SLIDE_81,False,True,False
TEST-SLIDE_85,False,True,False
TEST-SLIDE_87,False,True,False
TEST-SLIDE_78,False,True,False
TEST-SLIDE_23,False,True,False
TEST-SLIDE_37,False,True,False
TEST-SLIDE_4,False,True,False
TEST-SLIDE_64,False,True,False
TEST-SLIDE_34,False,True,False
TEST-SLIDE_615,False,True,False
TEST-SLIDE_503,False,True,False
TEST-SLIDE_1280,False,True,False
TEST-SLIDE_625,False,True,False
TEST-SLIDE_1216,False,True,False
TEST-SLIDE_581,False,True,False
TEST-SLIDE_490,False,True,False
TEST-SLIDE_606,False,True,False
TEST-SLIDE_1310,False,True,False
TEST-SLIDE_582,False,True,False
TEST-SLIDE_1298,False,True,False
TEST-SLIDE_1219,False,True,False
TEST-SLIDE_491,False,True,False
TEST-SLIDE_1262,False,True,False
TEST-SLIDE_1203,False,True,False
TEST-SLIDE_1247,False,True,False
TEST-SLIDE_1222,False,True,False
TEST-SLIDE_357,False,True,False
TEST-SLIDE_332,False,True,False
TEST-SLIDE_1702,False,True,False
TEST-SLIDE_1784,False,True,False
TEST-SLIDE_1777,False,True,False
TEST-SLIDE_1708,False,True,False
TEST-SLIDE_1701,False,True,False
TEST-SLIDE_1780,False,True,False
TEST-SLIDE_1769,False,True,False
TEST-SLIDE_1723,False,True,False
TEST-SLIDE_1764,False,True,False
TEST-SLIDE_1734,False,True,False
TEST-SLIDE_1413,False,True,False
TEST-SLIDE_1401,False,True,False
TEST-SLIDE_1382,False,True,False
TEST-SLIDE_1415,False,True,False
TEST-SLIDE_1409,False,True,False
TEST-SLIDE_1486,False,True,False
TEST-SLIDE_1432,False,True,False
TEST-SLIDE_1484,False,True,False
TEST-SLIDE_1431,False,True,False
TEST-SLIDE_1460,False,True,False
TEST-SLIDE_1489,False,True,False
TEST-SLIDE_1468,False,True,False
TEST-SLIDE_1906,False,False,True
TEST-SLIDE_1998,False,False,True
TEST-SLIDE_1941,False,False,True
TEST-SLIDE_1873,False,False,True
TEST-SLIDE_1914,False,False,True
TEST-SLIDE_1917,False,False,True
TEST-SLIDE_1957,False,False,True
TEST-SLIDE_1910,False,False,True
TEST-SLIDE_1934,False,False,True
TEST-SLIDE_1991,False,False,True
TEST-SLIDE_1837,False,False,True
TEST-SLIDE_1806,False,False,True
TEST-SLIDE_1960,False,False,True
TEST-SLIDE_1933,False,False,True
TEST-SLIDE_1808,False,False,True
TEST-SLIDE_1981,False,False,True
TEST-SLIDE_1974,False,False,True
TEST-SLIDE_1905,False,False,True
TEST-SLIDE_1983,False,False,True
TEST-SLIDE_1986,False,False,True
TEST-SLIDE_1859,False,False,True
TEST-SLIDE_2002,False,False,True
TEST-SLIDE_1944,False,False,True
TEST-SLIDE_1982,False,False,True
TEST-SLIDE_1813,False,False,True
TEST-SLIDE_1865,False,False,True
TEST-SLIDE_1940,False,False,True
TEST-SLIDE_1932,False,False,True
TEST-SLIDE_1856,False,False,True
TEST-SLIDE_1807,False,False,True
TEST-SLIDE_1849,False,False,True
TEST-SLIDE_1809,False,False,True
TEST-SLIDE_1952,False,False,True
TEST-SLIDE_1959,False,False,True
TEST-SLIDE_1883,False,False,True
TEST-SLIDE_1857,False,False,True
TEST-SLIDE_1929,False,False,True
TEST-SLIDE_1834,False,False,True
TEST-SLIDE_767,False,False,True
TEST-SLIDE_770,False,False,True
TEST-SLIDE_960,False,False,True
TEST-SLIDE_983,False,False,True
TEST-SLIDE_777,False,False,True
TEST-SLIDE_832,False,False,True
TEST-SLIDE_862,False,False,True
TEST-SLIDE_978,False,False,True
TEST-SLIDE_948,False,False,True
TEST-SLIDE_850,False,False,True
TEST-SLIDE_784,False,False,True
TEST-SLIDE_964,False,False,True
TEST-SLIDE_876,False,False,True
TEST-SLIDE_936,False,False,True
TEST-SLIDE_943,False,False,True
TEST-SLIDE_921,False,False,True
TEST-SLIDE_760,False,False,True
TEST-SLIDE_870,False,False,True
TEST-SLIDE_867,False,False,True
TEST-SLIDE_830,False,False,True
TEST-SLIDE_965,False,False,True
TEST-SLIDE_821,False,False,True
TEST-SLIDE_797,False,False,True
TEST-SLIDE_818,False,False,True
TEST-SLIDE_952,False,False,True
TEST-SLIDE_813,False,False,True
TEST-SLIDE_889,False,False,True
TEST-SLIDE_919,False,False,True
TEST-SLIDE_806,False,False,True
TEST-SLIDE_860,False,False,True
TEST-SLIDE_842,False,False,True
TEST-SLIDE_894,False,False,True
TEST-SLIDE_780,False,False,True
TEST-SLIDE_844,False,False,True
TEST-SLIDE_967,False,False,True
TEST-SLIDE_812,False,False,True
TEST-SLIDE_892,False,False,True
TEST-SLIDE_971,False,False,True
TEST-SLIDE_849,False,False,True
TEST-SLIDE_764,False,False,True
TEST-SLIDE_891,False,False,True
TEST-SLIDE_957,False,False,True
TEST-SLIDE_293,False,False,True
TEST-SLIDE_309,False,False,True
TEST-SLIDE_2011,False,False,True
TEST-SLIDE_2035,False,False,True
TEST-SLIDE_280,False,False,True
TEST-SLIDE_2033,False,False,True
TEST-SLIDE_313,False,False,True
TEST-SLIDE_310,False,False,True
TEST-SLIDE_271,False,False,True
TEST-SLIDE_231,False,False,True
TEST-SLIDE_2005,False,False,True
TEST-SLIDE_2020,False,False,True
TEST-SLIDE_246,False,False,True
TEST-SLIDE_277,False,False,True
TEST-SLIDE_2022,False,False,True
TEST-SLIDE_283,False,False,True
TEST-SLIDE_258,False,False,True
TEST-SLIDE_298,False,False,True
TEST-SLIDE_314,False,False,True
TEST-SLIDE_269,False,False,True
TEST-SLIDE_260,False,False,True
TEST-SLIDE_244,False,False,True
TEST-SLIDE_248,False,False,True
TEST-SLIDE_2025,False,False,True
TEST-SLIDE_1357,False,False,True
TEST-SLIDE_1350,False,False,True
TEST-SLIDE_1342,False,False,True
TEST-SLIDE_1349,False,False,True
TEST-SLIDE_637,False,False,True
TEST-SLIDE_634,False,False,True
TEST-SLIDE_650,False,False,True
TEST-SLIDE_627,False,False,True
TEST-SLIDE_666,False,False,True
TEST-SLIDE_628,False,False,True
TEST-SLIDE_667,False,False,True
TEST-SLIDE_203,False,False,True
TEST-SLIDE_217,False,False,True
TEST-SLIDE_741,False,False,True
TEST-SLIDE_699,False,False,True
TEST-SLIDE_712,False,False,True
TEST-SLIDE_728,False,False,True
TEST-SLIDE_734,False,False,True
TEST-SLIDE_672,False,False,True
TEST-SLIDE_693,False,False,True
TEST-SLIDE_717,False,False,True
TEST-SLIDE_743,False,False,True
TEST-SLIDE_694,False,False,True
TEST-SLIDE_696,False,False,True
TEST-SLIDE_674,False,False,True
TEST-SLIDE_756,False,False,True
TEST-SLIDE_749,False,False,True
TEST-SLIDE_727,False,False,True
TEST-SLIDE_724,False,False,True
TEST-SLIDE_738,False,False,True
TEST-SLIDE_1664,False,False,True
TEST-SLIDE_1627,False,False,True
TEST-SLIDE_1659,False,False,True
TEST-SLIDE_1656,False,False,True
TEST-SLIDE_1606,False,False,True
TEST-SLIDE_1658,False,False,True
TEST-SLIDE_1611,False,False,True
TEST-SLIDE_1604,False,False,True
TEST-SLIDE_1613,False,False,True
TEST-SLIDE_1655,False,False,True
TEST-SLIDE_1629,False,False,True
TEST-SLIDE_1638,False,False,True
TEST-SLIDE_1602,False,False,True
TEST-SLIDE_1632,False,False,True
TEST-SLIDE_1614,False,False,True
TEST-SLIDE_1666,False,False,True
TEST-SLIDE_998,False,False,True
TEST-SLIDE_1054,False,False,True
TEST-SLIDE_997,False,False,True
TEST-SLIDE_1042,False,False,True
TEST-SLIDE_1001,False,False,True
TEST-SLIDE_1027,False,False,True
TEST-SLIDE_1040,False,False,True
TEST-SLIDE_986,False,False,True
TEST-SLIDE_1071,False,False,True
TEST-SLIDE_1002,False,False,True
TEST-SLIDE_1065,False,False,True
TEST-SLIDE_1169,False,False,True
TEST-SLIDE_1121,False,False,True
TEST-SLIDE_1113,False,False,True
TEST-SLIDE_1053,False,False,True
TEST-SLIDE_1055,False,False,True
TEST-SLIDE_1007,False,False,True
TEST-SLIDE_993,False,False,True
TEST-SLIDE_1083,False,False,True
TEST-SLIDE_1066,False,False,True
TEST-SLIDE_1012,False,False,True
TEST-SLIDE_1020,False,False,True
TEST-SLIDE_1099,False,False,True
TEST-SLIDE_1105,False,False,True
TEST-SLIDE_1122,False,False,True
TEST-SLIDE_1117,False,False,True
TEST-SLIDE_1167,False,False,True
TEST-SLIDE_1125,False,False,True
TEST-SLIDE_1106,False,False,True
TEST-SLIDE_1039,False,False,True
TEST-SLIDE_999,False,False,True
TEST-SLIDE_1044,False,False,True
TEST-SLIDE_1091,False,False,True
TEST-SLIDE_1136,False,False,True
TEST-SLIDE_1052,False,False,True
TEST-SLIDE_97,False,False,True
TEST-SLIDE_164,False,False,True
TEST-SLIDE_134,False,False,True
TEST-SLIDE_176,False,False,True
TEST-SLIDE_166,False,False,True
TEST-SLIDE_117,False,False,True
TEST-SLIDE_174,False,False,True
TEST-SLIDE_123,False,False,True
TEST-SLIDE_152,False,False,True
TEST-SLIDE_104,False,False,True
TEST-SLIDE_99,False,False,True
TEST-SLIDE_155,False,False,True
TEST-SLIDE_170,False,False,True
TEST-SLIDE_101,False,False,True
TEST-SLIDE_128,False,False,True
TEST-SLIDE_401,False,False,True
TEST-SLIDE_395,False,False,True
TEST-SLIDE_413,False,False,True
TEST-SLIDE_444,False,False,True
TEST-SLIDE_462,False,False,True
TEST-SLIDE_451,False,False,True
TEST-SLIDE_368,False,False,True
TEST-SLIDE_427,False,False,True
TEST-SLIDE_465,False,False,True
TEST-SLIDE_417,False,False,True
TEST-SLIDE_394,False,False,True
TEST-SLIDE_456,False,False,True
TEST-SLIDE_365,False,False,True
TEST-SLIDE_380,False,False,True
TEST-SLIDE_382,False,False,True
TEST-SLIDE_447,False,False,True
TEST-SLIDE_469,False,False,True
TEST-SLIDE_397,False,False,True
TEST-SLIDE_432,False,False,True
TEST-SLIDE_362,False,False,True
TEST-SLIDE_440,False,False,True
TEST-SLIDE_1541,False,False,True
TEST-SLIDE_1547,False,False,True
TEST-SLIDE_1534,False,False,True
TEST-SLIDE_1505,False,False,True
TEST-SLIDE_1553,False,False,True
TEST-SLIDE_1506,False,False,True
TEST-SLIDE_1551,False,False,True
TEST-SLIDE_1513,False,False,True
TEST-SLIDE_1583,False,False,True
TEST-SLIDE_1566,False,False,True
TEST-SLIDE_1573,False,False,True
TEST-SLIDE_1516,False,False,True
TEST-SLIDE_1540,False,False,True
TEST-SLIDE_1564,False,False,True
TEST-SLIDE_1499,False,False,True
TEST-SLIDE_1525,False,False,True
TEST-SLIDE_1526,False,False,True
TEST-SLIDE_1494,False,False,True
TEST-SLIDE_1595,False,False,True
TEST-SLIDE_1587,False,False,True
TEST-SLIDE_66,False,False,True
TEST-SLIDE_35,False,False,True
TEST-SLIDE_95,False,False,True
TEST-SLIDE_29,False,False,True
TEST-SLIDE_32,False,False,True
TEST-SLIDE_50,False,False,True
TEST-SLIDE_83,False,False,True
TEST-SLIDE_59,False,False,True
TEST-SLIDE_26,False,False,True
TEST-SLIDE_39,False,False,True
TEST-SLIDE_58,False,False,True
TEST-SLIDE_54,False,False,True
TEST-SLIDE_11,False,False,True
TEST-SLIDE_47,False,False,True
TEST-SLIDE_84,False,False,True
TEST-SLIDE_40,False,False,True
TEST-SLIDE_82,False,False,True
TEST-SLIDE_33,False,False,True
TEST-SLIDE_1264,False,False,True
TEST-SLIDE_1327,False,False,True
TEST-SLIDE_573,False,False,True
TEST-SLIDE_1232,False,False,True
TEST-SLIDE_1175,False,False,True
TEST-SLIDE_520,False,False,True
TEST-SLIDE_1195,False,False,True
TEST-SLIDE_580,False,False,True
TEST-SLIDE_1224,False,False,True
TEST-SLIDE_1297,False,False,True
TEST-SLIDE_547,False,False,True
TEST-SLIDE_593,False,False,True
TEST-SLIDE_496,False,False,True
TEST-SLIDE_478,False,False,True
TEST-SLIDE_487,False,False,True
TEST-SLIDE_1309,False,False,True
TEST-SLIDE_1228,False,False,True
TEST-SLIDE_1213,False,False,True
TEST-SLIDE_1291,False,False,True
TEST-SLIDE_531,False,False,True
TEST-SLIDE_1193,False,False,True
TEST-SLIDE_1184,False,False,True
TEST-SLIDE_1277,False,False,True
TEST-SLIDE_597,False,False,True
TEST-SLIDE_482,False,False,True
TEST-SLIDE_1214,False,False,True
TEST-SLIDE_1269,False,False,True
TEST-SLIDE_1284,False,False,True
TEST-SLIDE_576,False,False,True
TEST-SLIDE_1273,False,False,True
TEST-SLIDE_501,False,False,True
TEST-SLIDE_528,False,False,True
TEST-SLIDE_1185,False,False,True
TEST-SLIDE_1180,False,False,True
TEST-SLIDE_354,False,False,True
TEST-SLIDE_340,False,False,True
TEST-SLIDE_336,False,False,True
TEST-SLIDE_347,False,False,True
TEST-SLIDE_351,False,False,True
TEST-SLIDE_1774,False,False,True
TEST-SLIDE_1768,False,False,True
TEST-SLIDE_1782,False,False,True
TEST-SLIDE_1712,False,False,True
TEST-SLIDE_1747,False,False,True
TEST-SLIDE_1680,False,False,True
TEST-SLIDE_1730,False,False,True
TEST-SLIDE_1758,False,False,True
TEST-SLIDE_1721,False,False,True
TEST-SLIDE_1716,False,False,True
TEST-SLIDE_1766,False,False,True
TEST-SLIDE_1786,False,False,True
TEST-SLIDE_1787,False,False,True
TEST-SLIDE_1695,False,False,True
TEST-SLIDE_1770,False,False,True
TEST-SLIDE_1718,False,False,True
TEST-SLIDE_1792,False,False,True
TEST-SLIDE_1704,False,False,True
TEST-SLIDE_1731,False,False,True
TEST-SLIDE_1740,False,False,True
TEST-SLIDE_1408,False,False,True
TEST-SLIDE_1406,False,False,True
TEST-SLIDE_1397,False,False,True
TEST-SLIDE_1407,False,False,True
TEST-SLIDE_1410,False,False,True
TEST-SLIDE_1394,False,False,True
TEST-SLIDE_1404,False,False,True
TEST-SLIDE_1417,False,False,True
TEST-SLIDE_1362,False,False,True
TEST-SLIDE_1370,False,False,True
TEST-SLIDE_1466,False,False,True
TEST-SLIDE_1481,False,False,True
TEST-SLIDE_1442,False,False,True
TEST-SLIDE_1427,False,False,True
TEST-SLIDE_1449,False,False,True
TEST-SLIDE_1479,False,False,True
TEST-SLIDE_1455,False,False,True
TEST-SLIDE_1488,False,False,True
TEST-SLIDE_1421,False,False,True
TEST-SLIDE_1453,False,False,True
TEST-SLIDE_1452,False,False,True
TEST-SLIDE_1434,False,False,True
TEST-SLIDE_1487,False,False,True
TEST-SLIDE_1426,False,False,True
